Edit,Action
Can you trim this video from 0:45 to 1:30?,trim
Please cut this clip from 2:15 to 2:45.,cut
I need to trim this footage from 1:10 to 1:45.,trim
Can you edit this video and trim it from 3:30 to 4:10?,trim
Please crop this clip from 0:25 to 0:50.,crop
I want to remove the beginning of this video. ,remove
Can you trim it from 0:20 to the end?,trim
Can you help me trim this clip from 1:30 to 2:00?,trim
I need to shorten this video. Please trim it from 0:30 to 1:00.,trim
Can you cut this clip from 1:15 to 1:30?,cut
Please edit this video and trim it from 4:00 to 4:45.,trim
I want to trim this footage from 0:45 to 1:15. Can you do that?,trim
Can you trim the beginning of this clip? Start from 0:30 and end at 2:00.,trim
I need to cut this video from 3:15 to 3:30.,cut
Can you edit this footage and trim it from 2:30 to 3:00?,trim
Please remove the end of this clip. Trim it from the beginning to 0:45.,trim
I want to shorten this video. Please cut it from 1:00 to 2:00.,cut
Can you trim this clip from 2:00 to 2:30?,trim
Please edit this video and trim it from 1:45 to 2:15.,trim
I need to trim this footage from 3:00 to 3:45.,trim
Can you help me cut this clip from 0:10 to 0:30?,cut
Can you cut out the part between seconds 12 and 15?,cut
I need to crop this video from seconds 2 to 10.,crop
Please remove the first 5 seconds of this clip.,remove
Can you trim the beginning and end of this video?,trim
I want to shorten this clip to 30 seconds.,shorten
Can you snip out the part where I stumble over my words?,snip out
Please excise the part where the dog barks.,excise
I need to trim the video to remove the background noise.,trim
Can you slice the video into 3 parts?,slice
I want to cut this clip into a series of shorter clips.,cut
Please trim the beginning of the video to remove the intro.,trim
I need to truncate this video to fit it on Instagram.,truncate
Can you shave off the last 10 seconds of the clip?,shave off
Please edit out the part where I sneeze.,edit out
I want to clip the highlights from this game.,clip
Can you chop out the parts where I'm talking off-screen?,chop out
Please excise the shaky footage from this clip.,excise
I need to cut this video into shorter segments for social media.,cut
Can you slice the video into 5-second clips?,slice
Please remove the part where I accidentally hit the camera.,remove
Can you trim the video from second 2 to 5 for me?,trim
I need to trim this clip from second 10 to 15.,trim
Please cut out the middle section of the video from second 5 to 10.,cut
Can you crop the video to just show the top half?,crop
I want to trim this footage from second 30 to 45.,trim
Please trim the beginning of the video until second 10.,trim
Can you shorten the video by cutting out the last 10 seconds?,cut
I need to crop the video to remove the watermark.,remove
Please trim this clip to only show the first 5 seconds.,trim
Can you edit this video and remove the background noise?,remove
I want to trim the video from second 15 to 20.,trim
Please remove the first 30 seconds of the video.,remove
Can you cut out the section from second 5 to 10 and make it a separate clip?,cut
I need to trim this footage to only show the action scene.,trim
Please trim the video to fit the duration of the music track.,trim
Can you cut out the credits at the end of the video?,cut
I want to trim this clip from second 20 to 30.,trim
Please remove the shaky camera footage from the video.,remove
Can you crop the video to just show the bottom half?,crop
I need to trim this clip to only show the dialogue scene.,trim
Can you speed up the video by 2x?,Speed
Please increase the speed of the clip by 3x.,Speed
I'd like to accelerate this video to 4x speed.,Speed
Can you make the video faster by 1.5x?,faster
Please fast forward this video by 2x.,faster
I want to speed up this clip to 5x speed.,Speed
Can you increase the playback speed of this video by 4x?,Speed
Please make this video play faster by 2.5x.,faster
I'd like to see this clip at 3x speed.,Speed
Can you accelerate the video by 2.5x?,accelerate
Please increase the speed of the footage by 3.5x.,Speed
I want to watch this video at 6x speed.,Speed
Can you fast forward this clip by 3x?,faster
Please speed up this video to 1.5x speed.,Speed
I'd like to speed up this clip by 4x.,Speed
Can you make this video play faster by 2x?,faster
Please increase the playback speed of this footage by 2.5x.,Speed
I want to see this video at 8x speed.,Speed
Can you accelerate this clip by 1.5x?,accelerate
Please make the video faster by 3x.,faster
Can you increase the speed of this clip by x2?,Speed
I need to speed up this video by x4 for a time-lapse effect.,Speed
Could you slow down this footage by x0.8?,Slow
I want to create a fast-forward effect by speeding up the video by x6.,Speed
Please reduce the speed of this clip by x0.6.,Speed
Let's speed up this video by x2 for a more dynamic effect.,Speed
Can you slow down this clip by x0.4 for a slow-motion effect?,Slow
I'd like to speed up this video by x3 for a time-lapse sequence.,Speed
Could you slow this footage down to x0.3 for a dramatic effect?,slow
Please increase the speed of this clip by x2.5.,Speed
I need to speed up this video by x5 for a hyperlapse effect.,Speed
Can you slow down this footage by x0.7 for a smooth slow-motion look?,slow
Let's speed up this clip by x1.5 to create a sense of urgency.,Speed
I'd like to slow down this video by x0.5 for a more deliberate pace.,slow
Please increase the speed of this footage by x2.2 for a faster feel.,Speed
Could you slow down this clip to x0.2 for a dramatic effect?,slow
I want to create a time-lapse effect by speeding up this video by x4.,Speed
Please speed up this footage by x2.7 for a more dynamic look.,Speed
Can you slow down this clip to x0.8 for a more contemplative mood?,slow
I need to speed up this video by x3.5 for a high-speed effect.,Speed
Can you increase the playback speed of this video by x2?,Speed
"The video is too long, can you speed it up by x1.5?",Speed
Can you slow down the video by x0.75 please?,slow
"I want to watch this video in slow motion, can you slow it down by x0.25?",slow
Please speed up this part of the video from 1:20 to 1:40 by x2.,Speed
Can you slow down the audio track in this video by x0.5?,slow
"I want to make this video 10 minutes long, can you speed it up by x2.5?",Speed
Please slow down the playback speed of this video from 2:30 to 2:40 by x0.75.,Speed
"Can you speed up this video by x4, but only for the first minute?",Speed
"I want to watch this part of the video in slow motion, can you slow it down by x0.5?",slow
"Please speed up the video by x2, but only for the part where I'm talking.",Speed
Can you slow down the video by x0.8 and add some background music?,slow
"I want to speed up the video by x1.25, but keep the audio at normal speed.",Speed
"Please slow down this part of the video by x0.5, it's too fast.",faster
Can you speed up the video by x2.5 and add some text captions?,Speed
"I want to watch this video in slow motion, can you slow it down by x0.3?",slow
Please speed up the video by x1.5 and remove the background noise.,Speed
Can you slow down the video by x0.6 and add some sound effects?,slow
"I want to speed up the video by x3, but only for the action scenes.",Speed
Please slow down the video by x0.4 and add some color correction.,slow
Can you speed up the video by x2.5 and add some transitions?,Speed
"I want to watch this video in slow motion, can you slow it down by x0.1?",slow
"Please speed up this part of the video by x4, it's too slow.",Speed
Can you slow down the video by x0.9 and add some voiceover narration?,slow
"I want to speed up the video by x2, but only for the dance sequences.",Speed
Please slow down the video by x0.7 and add some visual effects.,slow
Can you speed up the video by x1.75 and add some background footage?,Speed
"I want to watch this video in slow motion, can you slow it down by x0.2?",slow
Please speed up the video by x2.5 and remove the watermark.,Speed
Can you slow down the video by x0.8 and add some subtitles?,slow
